date, value
2009/11/16,78.9
2009/11/17,79.256
2009/11/18,79.788
2009/11/19,77.814
2009/11/20,77.32
2009/11/23,77.56
2009/11/24,76.02
2009/11/25,77.96
2009/11/27,76.05
2009/11/30,77.28
2009/12/1,78.37
2009/12/2,76.6
2009/12/3,76.46
2009/12/4,75.47
2009/12/7,73.93
2009/12/8,72.62
2009/12/9,70.67
2009/12/10,70.54
2009/12/11,69.87
2009/12/14,69.51
2009/12/15,70.69
2009/12/16,72.66
2009/12/17,72.936
2009/12/18,73.784
2009/12/21,73.22
2009/12/22,74.03
2009/12/23,76.67
2009/12/24,78.05
2009/12/28,78.77
2009/12/29,78.87
2009/12/30,79.28
2009/12/31,79.36
2010/1/4,81.51
2010/1/5,81.77
2010/1/6,83.18
2010/1/7,82.66
2010/1/8,82.75
2010/1/11,82.52
2010/1/12,80.79
2010/1/13,79.65
2010/1/14,79.488
2010/1/15,78.148
2010/1/19,79.2
2010/1/20,77.716
2010/1/21,76.08
2010/1/22,74.54
2010/1/25,75.26
2010/1/26,74.71
2010/1/27,73.67
2010/1/28,73.64
2010/1/29,72.89
2010/2/1,74.43
2010/2/2,77.23
2010/2/3,76.98
2010/2/4,73.14
2010/2/5,71.19
2010/2/8,71.89
2010/2/9,73.75
2010/2/10,74.52
2010/2/11,75.28
2010/2/12,74.13
2010/2/16,77.01
2010/2/17,77.41
2010/2/18,79.204
2010/2/19,79.96
2010/2/22,80.28
2010/2/23,78.86
2010/2/24,80
2010/2/25,78.17
2010/2/26,79.66
2010/3/1,78.7
2010/3/2,79.68
2010/3/3,80.87
2010/3/4,80.21
2010/3/5,81.5
2010/3/8,81.87
2010/3/9,81.49
2010/3/10,82.09
2010/3/11,82.11
2010/3/12,81.24
2010/3/15,79.8
2010/3/16,81.7
2010/3/17,82.986
2010/3/18,82.336
2010/3/19,80.854
2010/3/22,81.53
2010/3/23,81.91
2010/3/24,80.61
2010/3/25,80.53
2010/3/26,80
2010/3/29,82.17
2010/3/30,82.37
2010/3/31,83.76
2010/4/1,84.87
2010/4/5,86.62
2010/4/6,86.84
2010/4/7,85.88
2010/4/8,85.39
2010/4/9,84.92
2010/4/12,84.34
2010/4/13,84.05
2010/4/14,85.84
2010/4/15,85.758
2010/4/16,83.812
2010/4/19,82.458
2010/4/20,83.77
2010/4/21,83.68
2010/4/22,83.7
2010/4/23,85.12
2010/4/26,84.2
2010/4/27,82.44
2010/4/28,83.22
2010/4/29,85.17
2010/4/30,86.15
2010/5/3,86.19
2010/5/4,82.74
2010/5/5,79.97
2010/5/6,77.11
2010/5/7,75.11
2010/5/10,76.8
2010/5/11,76.37
2010/5/12,75.65
2010/5/13,74.4
2010/5/14,71.61
2010/5/17,70.708
2010/5/18,70.726
2010/5/19,71.436
2010/5/20,70.242
2010/5/21,70.04
2010/5/24,70.21
2010/5/25,68.75
2010/5/26,71.51
2010/5/27,74.55
2010/5/28,73.97
2010/6/1,72.58
2010/6/2,72.86
2010/6/3,74.61
2010/6/4,71.51
2010/6/7,71.44
2010/6/8,71.99
2010/6/9,74.38
2010/6/10,75.48
2010/6/11,73.78
2010/6/14,75.12
2010/6/15,76.94
2010/6/16,77.67
2010/6/17,77.04
2010/6/18,77.612
2010/6/21,78.294
2010/6/22,77.722
2010/6/23,76.35
2010/6/24,76.51
2010/6/25,78.86
2010/6/28,78.25
2010/6/29,75.94
2010/6/30,75.63
2010/7/1,72.95
2010/7/2,72.14
2010/7/6,71.98
2010/7/7,74.07
2010/7/8,75.44
2010/7/9,76.09
2010/7/12,74.95
2010/7/13,77.15
2010/7/14,77.04
2010/7/15,76.698
2010/7/16,76.158
2010/7/19,76.756
2010/7/20,77.552
2010/7/21,76.56
2010/7/22,79.3
2010/7/23,78.98
2010/7/26,78.98
2010/7/27,77.5
2010/7/28,76.99
2010/7/29,78.36
2010/7/30,78.95
2010/8/2,81.34
2010/8/3,82.55
2010/8/4,82.47
2010/8/5,82.01
2010/8/6,80.7
2010/8/9,81.48
2010/8/10,80.25
2010/8/11,78.02
2010/8/12,75.74
2010/8/13,75.39
2010/8/16,75.24
2010/8/17,75.848
2010/8/18,75.564
2010/8/19,74.634
2010/8/20,73.748
2010/8/23,73.1
2010/8/24,71.63
2010/8/25,72.52
2010/8/26,73.36
2010/8/27,75.17
2010/8/30,74.7
2010/8/31,71.92
2010/9/1,73.91
2010/9/2,75.02
2010/9/3,74.6
2010/9/7,74.09
2010/9/8,74.67
2010/9/9,74.25
2010/9/10,76.45
2010/9/13,77.19
2010/9/14,76.8
2010/9/15,76.02
2010/9/16,74.57
2010/9/17,73.912
2010/9/20,75.392
2010/9/21,74.39
2010/9/22,74.408
2010/9/23,75.18
2010/9/24,76.49
2010/9/27,76.52
2010/9/28,76.18
2010/9/29,77.86
2010/9/30,79.97
2010/10/1,81.58
2010/10/4,81.47
2010/10/5,82.82
2010/10/6,83.23
2010/10/7,81.67
2010/10/8,82.66
2010/10/11,82.21
2010/10/12,81.67
2010/10/13,83.01
2010/10/14,82.69
2010/10/15,81.386
2010/10/18,83.368
2010/10/19,79.892
2010/10/20,82.386
2010/10/21,80.56
2010/10/22,81.69
2010/10/25,82.52
2010/10/26,82.55
2010/10/27,81.94
2010/10/28,82.18
2010/10/29,81.43
2010/11/1,82.95
2010/11/2,83.9
2010/11/3,84.69
2010/11/4,86.49
2010/11/5,86.85
2010/11/8,87.06
2010/11/9,86.72
2010/11/10,87.81
2010/11/11,87.81
2010/11/12,84.88
2010/11/15,84.86
2010/11/16,82.44
2010/11/17,80.68
2010/11/18,82.192
2010/11/19,81.886
2010/11/22,81.74
2010/11/23,81.25
2010/11/24,83.86
2010/11/26,83.76
2010/11/29,85.73
2010/11/30,84.11
2010/12/1,86.75
2010/12/2,88
2010/12/3,89.19
2010/12/6,89.38
2010/12/7,88.69
2010/12/8,88.28
2010/12/9,88.37
2010/12/10,87.79
2010/12/13,88.61
2010/12/14,88.28
2010/12/15,88.62
2010/12/16,87.84
2010/12/17,88.252
2010/12/20,89.146
2010/12/21,89.596
2010/12/22,90.48
2010/12/23,91.51
2010/12/27,91
2010/12/28,91.49
2010/12/29,91.12
2010/12/30,89.84
2010/12/31,91.38
2011/1/3,91.55
2011/1/4,89.38
2011/1/5,90.3
2011/1/6,88.38
2011/1/7,88.03
2011/1/10,89.25
2011/1/11,91.11
2011/1/12,91.86
2011/1/13,91.4
2011/1/14,91.746
2011/1/18,91.752
2011/1/19,91.43
2011/1/20,89.444
2011/1/21,89.11
2011/1/24,87.87
2011/1/25,86.19
2011/1/26,87.33
2011/1/27,85.64
2011/1/28,89.34
2011/1/31,92.19
2011/2/1,90.77
2011/2/2,90.86
2011/2/3,90.54
2011/2/4,89.03
2011/2/7,87.48
2011/2/8,86.94
2011/2/9,86.71
2011/2/10,86.73
2011/2/11,85.58
2011/2/14,84.81
2011/2/15,84.32
2011/2/16,85.56
2011/2/17,87.352
2011/2/18,88.306
2011/2/22,95.05
2011/2/23,98.1
2011/2/24,97.28
2011/2/25,97.88
2011/2/28,96.97
2011/3/1,99.63
2011/3/2,102.23
2011/3/3,101.91
2011/3/4,104.42
2011/3/7,105.44
2011/3/8,105.02
2011/3/9,104.38
2011/3/10,102.7
2011/3/11,101.16
2011/3/14,101.19
2011/3/15,97.18
2011/3/16,97.98
2011/3/17,101.614
2011/3/18,101.382
2011/3/21,102.786
2011/3/22,104.776
2011/3/23,105.75
2011/3/24,105.6
2011/3/25,105.4
2011/3/28,103.98
2011/3/29,104.79
2011/3/30,104.27
2011/3/31,106.72
2011/4/1,107.94
2011/4/4,108.47
2011/4/5,108.34
2011/4/6,108.83
2011/4/7,110.3
2011/4/8,112.79
2011/4/11,109.92
2011/4/12,106.25
2011/4/13,107.11
2011/4/14,108.228
2011/4/15,109.884
2011/4/18,107.462
2011/4/19,108.254
2011/4/20,111.45
2011/4/21,112.29
2011/4/25,112.28
2011/4/26,112.21
2011/4/27,112.76
2011/4/28,112.86
2011/4/29,113.93
2011/5/2,113.52
2011/5/3,111.05
2011/5/4,109.24
2011/5/5,99.8
2011/5/6,97.18
2011/5/9,102.55
2011/5/10,103.88
2011/5/11,98.21
2011/5/12,98.97
2011/5/13,99.65
2011/5/16,97.37
2011/5/17,97.014
2011/5/18,100.284
2011/5/19,98.734
2011/5/20,99.978
2011/5/23,97.7
2011/5/24,99.59
2011/5/25,101.32
2011/5/26,100.23
2011/5/27,100.59
2011/5/31,102.7
2011/6/1,100.29
2011/6/2,100.4
2011/6/3,100.22
2011/6/6,99.01
2011/6/7,99.09
2011/6/8,100.74
2011/6/9,101.93
2011/6/10,99.29
2011/6/13,97.3
2011/6/14,99.37
2011/6/15,94.81
2011/6/16,95.032
2011/6/17,93.166
2011/6/20,93.482
2011/6/21,94.016
2011/6/22,95.41
2011/6/23,91.02
2011/6/24,91.16
2011/6/27,90.61
2011/6/28,92.89
2011/6/29,94.77
2011/6/30,95.42
2011/7/1,94.94
2011/7/5,96.89
2011/7/6,96.65
2011/7/7,98.67
2011/7/8,96.2
2011/7/11,95.15
2011/7/12,97.43
2011/7/13,98.05
2011/7/14,95.69
2011/7/15,97.312
2011/7/18,96.058
2011/7/19,97.716
2011/7/20,98.348
2011/7/21,99.13
2011/7/22,99.87
2011/7/25,99.2
2011/7/26,99.59
2011/7/27,97.4
2011/7/28,97.44
2011/7/29,95.7
2011/8/1,94.89
2011/8/2,93.79
2011/8/3,91.93
2011/8/4,86.63
2011/8/5,86.88
2011/8/8,81.31
2011/8/9,79.3
2011/8/10,82.89
2011/8/11,85.72
2011/8/12,85.38
2011/8/15,87.88
2011/8/16,86.65
2011/8/17,87.61
2011/8/18,82.432
2011/8/19,82.35
2011/8/22,84.36
2011/8/23,85.44
2011/8/24,85.16
2011/8/25,85.3
2011/8/26,85.37
2011/8/29,87.27
2011/8/30,88.9
2011/8/31,88.81
2011/9/1,88.93
2011/9/2,86.45
2011/9/6,86.02
2011/9/7,89.34
2011/9/8,89.05
2011/9/9,87.24
2011/9/12,88.19
2011/9/13,90.21
2011/9/14,88.91
2011/9/15,89.438
2011/9/16,88.048
2011/9/19,85.766
2011/9/20,86.914
2011/9/21,85.92
2011/9/22,80.51
2011/9/23,79.85
2011/9/26,80.24
2011/9/27,84.45
2011/9/28,81.21
2011/9/29,82.14
2011/9/30,79.2
2011/10/3,77.61
2011/10/4,75.67
2011/10/5,79.68
2011/10/6,82.59
2011/10/7,82.98
2011/10/10,85.41
2011/10/11,85.81
2011/10/12,85.57
2011/10/13,84.23
2011/10/14,86.8
2011/10/17,86.428
2011/10/18,88.416
2011/10/19,86.218
2011/10/20,85.916
2011/10/21,87.4
2011/10/24,91.27
2011/10/25,93.17
2011/10/26,90.2
2011/10/27,93.96
2011/10/28,93.32
2011/10/31,93.19
2011/11/1,92.19
2011/11/2,92.51
2011/11/3,94.07
2011/11/4,94.26
2011/11/7,95.52
2011/11/8,96.8
2011/11/9,95.74
2011/11/10,97.78
2011/11/11,98.99
2011/11/14,98.14
2011/11/15,99.382
2011/11/16,102.594
2011/11/17,98.886
2011/11/18,97.618
2011/11/21,96.92
2011/11/22,98.01
2011/11/23,96.17
2011/11/25,96.77
2011/11/28,98.21
2011/11/29,99.79
2011/11/30,100.36
2011/12/1,100.2
2011/12/2,100.96
2011/12/5,100.99
2011/12/6,101.28
2011/12/7,100.49
2011/12/8,98.34
2011/12/9,99.41
2011/12/12,97.77
2011/12/13,100.14
2011/12/14,94.95
2011/12/15,93.91
2011/12/16,93.618
2011/12/19,93.982
2011/12/20,97.236
2011/12/21,98.67
2011/12/22,99.53
2011/12/23,99.68
2011/12/27,101.34
2011/12/28,99.36
2011/12/29,99.65
2011/12/30,98.83
2012/1/3,102.96
2012/1/4,103.22
2012/1/5,101.81
2012/1/6,101.56
2012/1/9,101.31
2012/1/10,102.24
2012/1/11,100.87
2012/1/12,99.1
2012/1/13,98.7
2012/1/17,100.742
2012/1/18,100.658
2012/1/19,100.48
2012/1/20,98.356
2012/1/23,99.58
2012/1/24,98.95
2012/1/25,99.4
2012/1/26,99.7
2012/1/27,99.56
2012/1/30,98.78
2012/1/31,98.48
2012/2/1,97.61
2012/2/2,96.36
2012/2/3,97.84
2012/2/6,96.91
2012/2/7,98.41
2012/2/8,98.71
2012/2/9,99.84
2012/2/10,98.67
2012/2/13,100.91
2012/2/14,100.74
2012/2/15,101.868
2012/2/16,102.442
2012/2/17,103.456
2012/2/21,106.168
2012/2/22,106.28
2012/2/23,107.83
2012/2/24,109.77
2012/2/27,108.56
2012/2/28,106.55
2012/2/29,107.07
2012/3/1,108.84
2012/3/2,106.7
2012/3/5,106.72
2012/3/6,104.7
2012/3/7,106.16
2012/3/8,106.58
2012/3/9,107.4
2012/3/12,106.34
2012/3/13,106.71
2012/3/14,105.43
2012/3/15,105.218
2012/3/16,107.268
2012/3/19,108.372
2012/3/20,105.978
2012/3/21,107.27
2012/3/22,105.35
2012/3/23,106.87
2012/3/26,107.03
2012/3/27,107.33
2012/3/28,105.41
2012/3/29,102.78
2012/3/30,103.02
2012/4/2,105.23
2012/4/3,104.01
2012/4/4,101.47
2012/4/5,103.31
2012/4/9,102.46
2012/4/10,101.02
2012/4/11,102.7
2012/4/12,103.64
2012/4/13,102.83
2012/4/16,102.93
2012/4/17,104.288
2012/4/18,102.85
2012/4/19,102.54
2012/4/20,103.714
2012/4/23,103.11
2012/4/24,103.55
2012/4/25,104.12
2012/4/26,104.55
2012/4/27,104.93
2012/4/30,104.87
2012/5/1,106.16
2012/5/2,105.22
2012/5/3,102.54
2012/5/4,98.49
2012/5/7,97.94
2012/5/8,97.01
2012/5/9,96.81
2012/5/10,97.08
2012/5/11,96.13
2012/5/14,94.78
2012/5/15,93.98
2012/5/16,92.81
2012/5/17,92.636
2012/5/18,91.608
2012/5/21,92.744
2012/5/22,91.812
2012/5/23,89.9
2012/5/24,90.66
2012/5/25,90.86
2012/5/29,90.76
2012/5/30,87.82
2012/5/31,86.53
2012/6/1,83.23
2012/6/4,83.98
2012/6/5,84.29
2012/6/6,85.02
2012/6/7,84.82
2012/6/8,84.1
2012/6/11,82.7
2012/6/12,83.32
2012/6/13,82.62
2012/6/14,83.91
2012/6/15,84.09
2012/6/18,83.402
2012/6/19,84.222
2012/6/20,81.52
2012/6/21,78.2
2012/6/22,79.76
2012/6/25,79.21
2012/6/26,79.36
2012/6/27,80.21
2012/6/28,77.69
2012/6/29,84.96
2012/7/2,83.75
2012/7/3,87.66
2012/7/5,87.22
2012/7/6,84.45
2012/7/9,85.99
2012/7/10,83.91
2012/7/11,85.81
2012/7/12,86.08
2012/7/13,87.1
2012/7/16,88.43
2012/7/17,89.284
2012/7/18,89.99
2012/7/19,92.846
2012/7/20,91.752
2012/7/23,88.14
2012/7/24,88.5
2012/7/25,88.97
2012/7/26,89.39
2012/7/27,90.13
2012/7/30,89.78
2012/7/31,88.06
2012/8/1,88.91
2012/8/2,87.13
2012/8/3,91.4
2012/8/6,92.2
2012/8/7,93.67
2012/8/8,93.35
2012/8/9,93.36
2012/8/10,92.87
2012/8/13,92.73
2012/8/14,93.43
2012/8/15,94.33
2012/8/16,95.658
2012/8/17,96.134
2012/8/20,96.144
2012/8/21,96.808
2012/8/22,97.26
2012/8/23,96.27
2012/8/24,96.15
2012/8/27,95.47
2012/8/28,96.33
2012/8/29,95.49
2012/8/30,94.62
2012/8/31,96.47
2012/9/4,95.3
2012/9/5,95.36
2012/9/6,95.53
2012/9/7,96.42
2012/9/10,96.54
2012/9/11,97.17
2012/9/12,97.01
2012/9/13,98.31
2012/9/14,99
2012/9/17,96.686
2012/9/18,95.422
2012/9/19,92.172
2012/9/20,92.31
2012/9/21,92.89
2012/9/24,91.93
2012/9/25,91.37
2012/9/26,89.98
2012/9/27,91.85
2012/9/28,92.19
2012/10/1,92.48
2012/10/2,91.89
2012/10/3,88.14
2012/10/4,91.71
2012/10/5,89.88
2012/10/8,89.33
2012/10/9,92.39
2012/10/10,91.25
2012/10/11,92.07
2012/10/12,91.86
2012/10/15,91.85
2012/10/16,92.09
2012/10/17,92.214
2012/10/18,92.272
2012/10/19,90.284
2012/10/22,88.666
2012/10/23,86.67
2012/10/24,85.73
2012/10/25,86.05
2012/10/26,86.28
2012/10/29,85.54
2012/10/30,85.68
2012/10/31,86.24
2012/11/1,87.09
2012/11/2,84.86
2012/11/5,85.65
2012/11/6,88.71
2012/11/7,84.44
2012/11/8,85.09
2012/11/9,86.07
2012/11/12,85.57
2012/11/13,85.472
2012/11/14,86.492
2012/11/15,85.702
2012/11/16,86.87
2012/11/19,89.28
2012/11/20,86.75
2012/11/21,87.38
2012/11/23,88.28
2012/11/26,87.74
2012/11/27,87.18
2012/11/28,86.49
2012/11/29,88.07
2012/11/30,88.91
2012/12/3,89.09
2012/12/4,88.5
2012/12/5,87.88
2012/12/6,86.26
2012/12/7,85.93
2012/12/10,85.56
2012/12/11,85.79
2012/12/12,86.77
2012/12/13,85.89
2012/12/14,86.834
2012/12/17,87.388
2012/12/18,88.212
2012/12/19,89.886
2012/12/20,90.13
2012/12/21,88.66
2012/12/24,88.61
2012/12/26,90.98
2012/12/27,90.87
2012/12/28,90.8
2012/12/31,91.82
2013/1/2,93.12
2013/1/3,92.92
2013/1/4,93.09
2013/1/7,93.19
2013/1/8,93.15
2013/1/9,93.1
2013/1/10,93.82
2013/1/11,93.56
2013/1/14,94.14
2013/1/15,93.28
2013/1/16,94.328
2013/1/17,95.67
2013/1/18,95.848
2013/1/22,96.592
2013/1/23,95.23
2013/1/24,95.95
2013/1/25,95.88
2013/1/28,96.44
2013/1/29,97.57
2013/1/30,97.94
2013/1/31,97.49
2013/2/1,97.77
2013/2/4,96.17
2013/2/5,96.64
2013/2/6,96.62
2013/2/7,95.83
2013/2/8,95.72
2013/2/11,97.03
2013/2/12,97.51
2013/2/13,97.01
2013/2/14,97.428
2013/2/15,96.08
2013/2/19,96.924
2013/2/20,95.068
2013/2/21,92.84
2013/2/22,93.13
2013/2/25,93.11
2013/2/26,92.63
2013/2/27,92.76
2013/2/28,92.05
2013/3/1,90.68
2013/3/4,90.12
2013/3/5,90.82
2013/3/6,90.43
2013/3/7,91.56
2013/3/8,91.95
2013/3/11,92.06
2013/3/12,92.54
2013/3/13,92.52
2013/3/14,93.03
2013/3/15,93.524
2013/3/18,93.888
2013/3/19,92.376
2013/3/20,93.392
2013/3/21,92.45
2013/3/22,93.71
2013/3/25,94.81
2013/3/26,96.34
2013/3/27,96.58
2013/3/28,97.23
2013/4/1,97.07
2013/4/2,97.19
2013/4/3,94.45
2013/4/4,93.26
2013/4/5,92.7
2013/4/8,93.36
2013/4/9,94.2
2013/4/10,94.64
2013/4/11,93.51
2013/4/12,91.29
2013/4/15,88.71
2013/4/16,88.72
2013/4/17,86.738
2013/4/18,87.838
2013/4/19,88.166
2013/4/22,89.104
2013/4/23,89.18
2013/4/24,91.43
2013/4/25,93.64
2013/4/26,93
2013/4/29,94.5
2013/4/30,93.46
2013/5/1,91.03
2013/5/2,93.99
2013/5/3,95.61
2013/5/6,96.16
2013/5/7,95.62
2013/5/8,96.62
2013/5/9,96.39
2013/5/10,96.04
2013/5/13,95.17
2013/5/14,94.21
2013/5/15,94.3
2013/5/16,95.218
2013/5/17,96.128
2013/5/20,96.842
2013/5/21,96.176
2013/5/22,94.28
2013/5/23,94.25
2013/5/24,94.15
2013/5/28,95.01
2013/5/29,93.13
2013/5/30,93.61
2013/5/31,91.97
2013/6/3,93.45
2013/6/4,93.31
2013/6/5,93.74
2013/6/6,94.76
2013/6/7,96.03
2013/6/10,95.77
2013/6/11,95.38
2013/6/12,95.88
2013/6/13,96.69
2013/6/14,97.85
2013/6/17,97.822
2013/6/18,98.532
2013/6/19,98.384
2013/6/20,95.192
2013/6/21,93.69
2013/6/24,95.18
2013/6/25,95.32
2013/6/26,95.5
2013/6/27,97.05
2013/6/28,96.56
2013/7/1,97.99
2013/7/2,99.6
2013/7/3,101.24
2013/7/5,103.22
2013/7/8,103.14
2013/7/9,103.53
2013/7/10,106.52
2013/7/11,104.91
2013/7/12,105.95
2013/7/15,106.32
2013/7/16,106
2013/7/17,106.454
2013/7/18,107.948
2013/7/19,107.942
2013/7/22,106.934
2013/7/23,107.23
2013/7/24,105.39
2013/7/25,105.49
2013/7/26,104.7
2013/7/29,104.55
2013/7/30,103.08
2013/7/31,105.03
2013/8/1,107.89
2013/8/2,106.94
2013/8/5,106.56
2013/8/6,105.3
2013/8/7,104.37
2013/8/8,103.4
2013/8/9,105.97
2013/8/12,106.11
2013/8/13,106.83
2013/8/14,106.85
2013/8/15,107.302
2013/8/16,107.392
2013/8/19,106.956
2013/8/20,105.08
2013/8/21,103.85
2013/8/22,105.03
2013/8/23,106.42
2013/8/26,105.92
2013/8/27,109.01
2013/8/28,110.1
2013/8/29,108.8
2013/8/30,107.65
2013/9/3,108.54
2013/9/4,107.23
2013/9/5,108.37
2013/9/6,110.53
2013/9/9,109.52
2013/9/10,107.39
2013/9/11,107.56
2013/9/12,108.6
2013/9/13,108.21
2013/9/16,106.59
2013/9/17,105.3
2013/9/18,107.754
2013/9/19,106.072
2013/9/20,104.734
2013/9/23,103.59
2013/9/24,103.13
2013/9/25,102.66
2013/9/26,103.03
2013/9/27,102.87
2013/9/30,102.33
2013/10/1,102.04
2013/10/2,104.1
2013/10/3,103.31
2013/10/4,103.84
2013/10/7,103.03
2013/10/8,103.49
2013/10/9,101.61
2013/10/10,103.01
2013/10/11,102.02
2013/10/14,102.41
2013/10/15,101.21
2013/10/16,102.29
2013/10/17,100.71
2013/10/18,100.93
2013/10/21,99.496
2013/10/22,98.2
2013/10/23,96.86
2013/10/24,97.11
2013/10/25,97.85
2013/10/28,98.68
2013/10/29,98.2
2013/10/30,96.77
2013/10/31,96.38
2013/11/1,94.61
2013/11/4,94.62
2013/11/5,93.37
2013/11/6,94.8
2013/11/7,94.2
2013/11/8,94.6
2013/11/11,95.14
2013/11/12,93.04
2013/11/13,93.88
2013/11/14,93.76
2013/11/15,93.97
2013/11/18,93.29
2013/11/19,93.67
2013/11/20,93.746
2013/11/21,95.44
2013/11/22,94.84
2013/11/25,94.09
2013/11/26,93.68
2013/11/27,92.3
2013/11/29,92.72
2013/12/2,93.82
2013/12/3,96.04
2013/12/4,97.2
2013/12/5,97.38
2013/12/6,97.65
2013/12/9,97.34
2013/12/10,98.51
2013/12/11,97.44
2013/12/12,97.5
2013/12/13,96.6
2013/12/16,97.538
2013/12/17,97.32
2013/12/18,97.956
2013/12/19,98.986
2013/12/20,99.32
2013/12/23,98.91
2013/12/24,99.22
2013/12/26,99.55
2013/12/27,100.32
2013/12/30,99.29
2013/12/31,98.42
2014/1/2,95.44
2014/1/3,93.96
2014/1/6,93.43
2014/1/7,93.67
2014/1/8,92.33
2014/1/9,91.66
2014/1/10,92.72
2014/1/13,91.8
2014/1/14,92.59
2014/1/15,94.206
2014/1/16,94.016
2014/1/17,94.502
2014/1/21,94.974
2014/1/22,96.73
2014/1/23,97.32
2014/1/24,96.64
2014/1/27,95.72
2014/1/28,97.41
2014/1/29,97.36
2014/1/30,98.23
2014/1/31,97.49
2014/2/3,96.43
2014/2/4,97.19
2014/2/5,97.38
2014/2/6,97.84
2014/2/7,99.88
2014/2/10,100.06
2014/2/11,99.94
2014/2/12,100.37
2014/2/13,100.35
2014/2/14,100.266
2014/2/18,102.298
2014/2/19,103.028
2014/2/20,102.784
2014/2/21,102.2
2014/2/24,102.82
2014/2/25,101.83
2014/2/26,102.59
2014/2/27,102.4
2014/2/28,102.59
2014/3/3,104.92
2014/3/4,103.33
2014/3/5,101.45
2014/3/6,101.56
2014/3/7,102.58
2014/3/10,101.12
2014/3/11,100.03
2014/3/12,97.99
2014/3/13,98.2
2014/3/14,98.89
2014/3/17,97.988
2014/3/18,99.372
2014/3/19,99.65
2014/3/20,99.006
2014/3/21,99.46
2014/3/24,99.6
2014/3/25,99.19
2014/3/26,100.26
2014/3/27,101.28
2014/3/28,101.67
2014/3/31,101.58
2014/4/1,99.74
2014/4/2,99.62
2014/4/3,100.29
2014/4/4,101.14
2014/4/7,100.44
2014/4/8,102.56
2014/4/9,103.6
2014/4/10,103.4
2014/4/11,103.74
2014/4/14,104.05
2014/4/15,103.75
2014/4/16,103.614
2014/4/17,103.928
2014/4/21,103.938
2014/4/22,101.826
2014/4/23,101.44
2014/4/24,101.94
2014/4/25,100.6
2014/4/28,100.84
2014/4/29,101.28
2014/4/30,99.74
2014/5/1,99.42
2014/5/2,99.76
2014/5/5,99.48
2014/5/6,99.5
2014/5/7,100.77
2014/5/8,100.26
2014/5/9,99.99
2014/5/12,100.59
2014/5/13,101.7
2014/5/14,102.37
2014/5/15,101.426
2014/5/16,101.844
2014/5/19,102.31
2014/5/20,102.352
2014/5/21,104.07
2014/5/22,103.74
2014/5/23,104.35
2014/5/27,104.11
2014/5/28,102.72
2014/5/29,103.58
2014/5/30,102.71
2014/6/2,102.47
2014/6/3,102.66
2014/6/4,102.64
2014/6/5,102.48
2014/6/6,102.66
2014/6/9,104.41
2014/6/10,104.35
2014/6/11,104.4
2014/6/12,106.53
2014/6/13,106.91
2014/6/16,106.9
2014/6/17,106.262
2014/6/18,105.818
2014/6/19,106.202
2014/6/20,106.916
2014/6/23,106.17
2014/6/24,106.03
2014/6/25,106.5
2014/6/26,105.84
2014/6/27,105.74
2014/6/30,105.37
2014/7/1,105.34
2014/7/2,104.48
2014/7/3,104.06
2014/7/7,103.53
2014/7/8,103.4
2014/7/9,102.29
2014/7/10,102.93
2014/7/11,100.83
2014/7/14,100.91
2014/7/15,99.96
2014/7/16,101.2
2014/7/17,102.992
2014/7/18,102.658
2014/7/21,103.552
2014/7/22,102.796
2014/7/23,103.12
2014/7/24,102.07
2014/7/25,102.09
2014/7/28,101.67
2014/7/29,100.97
2014/7/30,100.27
2014/7/31,98.17
2014/8/1,97.88
2014/8/4,98.29
2014/8/5,97.38
2014/8/6,96.92
2014/8/7,97.34
2014/8/8,97.65
2014/8/11,98.08
2014/8/12,97.37
2014/8/13,97.59
2014/8/14,95.58
2014/8/15,96.944
2014/8/18,95.346
2014/8/19,93.508
2014/8/20,93.974
2014/8/21,93.96
2014/8/22,93.65
2014/8/25,93.35
2014/8/26,93.86
2014/8/27,93.88
2014/8/28,94.55
2014/8/29,95.96
2014/9/2,92.88
2014/9/3,95.54
2014/9/4,94.45
2014/9/5,93.29
2014/9/8,92.66
2014/9/9,92.75
2014/9/10,91.67
2014/9/11,92.83
2014/9/12,92.27
2014/9/15,92.92
2014/9/16,94.88
2014/9/17,94.176
2014/9/18,92.634
2014/9/19,91.954
2014/9/22,91
2014/9/23,91.56
2014/9/24,92.8
2014/9/25,92.53
2014/9/26,93.54
2014/9/29,94.57
2014/9/30,91.16
2014/10/1,90.73
2014/10/2,91.01
2014/10/3,89.74
2014/10/6,90.34
2014/10/7,88.85
2014/10/8,87.31
2014/10/9,85.77
2014/10/10,85.82
2014/10/13,85.74
2014/10/14,81.84
2014/10/15,81.78
2014/10/16,82.55
2014/10/17,82.474
2014/10/20,82.23
2014/10/21,82.554
2014/10/22,80.52
2014/10/23,82.09
2014/10/24,81.01
2014/10/27,81
2014/10/28,81.42
2014/10/29,82.2
2014/10/30,81.12
2014/10/31,80.54
2014/11/3,78.78
2014/11/4,77.19
2014/11/5,78.68
2014/11/6,77.91
2014/11/7,78.65
2014/11/10,77.4
2014/11/11,77.94
2014/11/12,77.18
2014/11/13,74.21
2014/11/14,75.82
2014/11/17,75.644
2014/11/18,74.622
2014/11/19,74.532
2014/11/20,75.796
2014/11/21,76.51
2014/11/24,75.78
2014/11/25,74.09
2014/11/26,73.69
2014/11/28,66.15
2014/12/1,69
2014/12/2,66.88
2014/12/3,67.38
2014/12/4,66.81
2014/12/5,65.84
2014/12/8,63.05
2014/12/9,63.82
2014/12/10,60.94
2014/12/11,59.95
2014/12/12,57.81
2014/12/15,55.91
2014/12/16,55.996
2014/12/17,56.598
2014/12/18,54.26
2014/12/19,57.008
2014/12/22,55.26
2014/12/23,57.12
2014/12/24,55.84
2014/12/26,54.73
2014/12/29,53.61
2014/12/30,54.12
2014/12/31,53.27
2015/1/2,52.69
2015/1/5,50.04
2015/1/6,47.93
2015/1/7,48.65
2015/1/8,48.79
2015/1/9,48.36
2015/1/12,46.07
2015/1/13,45.89
2015/1/14,48.576
2015/1/15,46.442
2015/1/16,48.954
2015/1/20,46.454
2015/1/21,47.78
2015/1/22,46.31
2015/1/23,45.59
2015/1/26,45.15
2015/1/27,46.23
2015/1/28,44.45
2015/1/29,44.53
2015/1/30,48.24
2015/2/2,49.57
2015/2/3,53.05
2015/2/4,48.45
2015/2/5,50.48
2015/2/6,51.69
2015/2/9,52.86
2015/2/10,50.02
2015/2/11,48.84
2015/2/12,51.21
2015/2/13,52.78
2015/2/17,53.682
2015/2/18,52.412
2015/2/19,51.562
2015/2/20,50.716
2015/2/23,49.45
2015/2/24,49.28
2015/2/25,50.99
2015/2/26,48.17
2015/2/27,49.76
2015/3/2,49.59
2015/3/3,50.52
2015/3/4,51.53
2015/3/5,50.76
2015/3/6,49.61
2015/3/9,50
2015/3/10,48.29
2015/3/11,48.17
2015/3/12,47.05
2015/3/13,44.84
2015/3/16,43.88
2015/3/17,43.806
2015/3/18,45.456
2015/3/19,44.902
2015/3/20,46.4
2015/3/23,47.45
2015/3/24,47.51
2015/3/25,49.21
2015/3/26,51.43
2015/3/27,48.87
2015/3/30,48.68
2015/3/31,47.6
2015/4/1,50.09
2015/4/2,49.14
2015/4/6,52.14
2015/4/7,53.98
2015/4/8,50.42
2015/4/9,50.79
2015/4/10,51.64
2015/4/13,51.91
2015/4/14,53.29
2015/4/15,56.39
2015/4/16,56.99
2015/4/17,56.372
2015/4/20,57.28
2015/4/21,56.34
2015/4/22,56.16
2015/4/23,57.74
2015/4/24,57.15
2015/4/27,56.99
2015/4/28,57.06
2015/4/29,58.58
2015/4/30,59.63
2015/5/1,59.15
2015/5/4,58.93
2015/5/5,60.4
2015/5/6,60.93
2015/5/7,58.94
2015/5/8,59.39
2015/5/11,59.25
2015/5/12,60.75
2015/5/13,60.5
2015/5/14,60.072
2015/5/15,60.03
2015/5/18,59.916
2015/5/19,57.844
2015/5/20,58.98
2015/5/21,60.72
2015/5/22,59.72
2015/5/26,58.03
2015/5/27,57.51
2015/5/28,57.68
2015/5/29,60.3
2015/6/1,60.2
2015/6/2,61.26
2015/6/3,59.64
2015/6/4,58
2015/6/5,59.13
2015/6/8,58.14
2015/6/9,60.14
2015/6/10,61.43
2015/6/11,60.77
2015/6/12,59.96
2015/6/15,59.52
2015/6/16,59.97
2015/6/17,60.002
2015/6/18,60.598
2015/6/19,59.826
2015/6/22,60.24
2015/6/23,61.01
2015/6/24,60.27
2015/6/25,59.7
2015/6/26,59.63
2015/6/29,58.33
2015/6/30,59.47
2015/7/1,56.96
2015/7/2,56.93
2015/7/6,52.53
2015/7/7,52.33
2015/7/8,51.65
2015/7/9,52.78
2015/7/10,52.74
2015/7/13,52.2
2015/7/14,53.04
2015/7/15,51.41
2015/7/16,50.976
2015/7/17,51.018
2015/7/20,50.324
2015/7/21,50.76
2015/7/22,49.19
2015/7/23,48.45
2015/7/24,48.14
2015/7/27,47.39
2015/7/28,47.98
2015/7/29,48.79
2015/7/30,48.52
2015/7/31,47.12
2015/8/3,45.17
2015/8/4,45.74
2015/8/5,45.15
2015/8/6,44.66
2015/8/7,43.87
2015/8/10,44.96
2015/8/11,43.08
2015/8/12,43.3
2015/8/13,42.23
2015/8/14,42.5
2015/8/17,41.978
2015/8/18,42.82
2015/8/19,41.082
2015/8/20,41.284
2015/8/21,40.45
2015/8/24,38.24
2015/8/25,39.31
2015/8/26,38.6
2015/8/27,42.56
2015/8/28,45.22
2015/8/31,49.2
2015/9/1,45.41
2015/9/2,46.25
2015/9/3,46.75
2015/9/4,46.05
2015/9/8,45.94
2015/9/9,44.15
2015/9/10,45.92
2015/9/11,44.63
2015/9/14,44
2015/9/15,44.59
2015/9/16,47.15
2015/9/17,46.96
2015/9/18,44.816
2015/9/21,46.848
2015/9/22,46.254
2015/9/23,44.48
2015/9/24,44.91
2015/9/25,45.7
2015/9/28,44.43
2015/9/29,45.23
2015/9/30,45.09
2015/10/1,44.74
2015/10/2,45.54
2015/10/5,46.26
2015/10/6,48.53
2015/10/7,47.81
2015/10/8,49.43
2015/10/9,49.63
2015/10/12,47.1
2015/10/13,46.66
2015/10/14,46.64
2015/10/15,46.478
2015/10/16,47.444
2015/10/19,46.124
2015/10/20,46.142
2015/10/21,45.2
2015/10/22,45.38
2015/10/23,44.6
2015/10/26,43.98
2015/10/27,43.2
2015/10/28,45.94
2015/10/29,46.06
2015/10/30,46.59
2015/11/2,46.14
2015/11/3,47.9
2015/11/4,46.32
2015/11/5,45.2
2015/11/6,44.29
2015/11/9,43.87
2015/11/10,44.21
2015/11/11,42.93
2015/11/12,41.75
2015/11/13,40.74
2015/11/16,41.74
2015/11/17,40.878
2015/11/18,41.23
2015/11/19,41.248
2015/11/20,41.598
2015/11/23,41.75
2015/11/24,42.87
2015/11/25,43.04
2015/11/27,41.71
2015/11/30,41.65
2015/12/1,41.85
2015/12/2,39.94
2015/12/3,41.08
2015/12/4,39.97
2015/12/7,37.65
2015/12/8,37.51
2015/12/9,37.16
2015/12/10,36.76
2015/12/11,35.62
2015/12/14,36.31
2015/12/15,37.35
2015/12/16,35.766
2015/12/17,35.478
2015/12/18,35.528
2015/12/21,35.596
2015/12/22,36.14
2015/12/23,37.5
2015/12/24,38.1
2015/12/28,36.81
2015/12/29,37.87
2015/12/30,36.6
2015/12/31,37.04
2016/1/4,36.76
2016/1/5,35.97
2016/1/6,33.97
2016/1/7,33.27
2016/1/8,33.16
2016/1/11,31.41
2016/1/12,30.44
2016/1/13,30.48
2016/1/14,31.382
2016/1/15,29.808
2016/1/19,29.126
2016/1/20,27.99
2016/1/21,29.53
2016/1/22,32.19
2016/1/25,30.34
2016/1/26,31.45
2016/1/27,32.3
2016/1/28,33.22
2016/1/29,33.62
2016/2/1,31.62
2016/2/2,29.88
2016/2/3,32.28
2016/2/4,31.72
2016/2/5,30.89
2016/2/8,29.69
2016/2/9,27.94
2016/2/10,27.45
2016/2/11,26.21
2016/2/12,29.44
2016/2/16,29.04
2016/2/17,31.124
2016/2/18,31.634
2016/2/19,30.906
2016/2/22,33.008
2016/2/23,31.87
2016/2/24,32.15
2016/2/25,33.07
2016/2/26,32.78
2016/2/29,33.75
2016/3/1,34.4
2016/3/2,34.66
2016/3/3,34.57
2016/3/4,35.92
2016/3/7,37.9
2016/3/8,36.5
2016/3/9,38.29
2016/3/10,37.84
2016/3/11,38.5
2016/3/14,37.18
2016/3/15,36.34
2016/3/16,38.768
2016/3/17,40.784
2016/3/18,40.46
2016/3/21,41.198
2016/3/22,41.45
2016/3/23,39.79
2016/3/24,39.46
2016/3/28,39.39
2016/3/29,38.28
2016/3/30,38.32
2016/3/31,38.34
2016/4/1,36.79
2016/4/4,35.7
2016/4/5,35.89
2016/4/6,37.75
2016/4/7,37.26
2016/4/8,39.72
2016/4/11,40.36
2016/4/12,42.17
2016/4/13,41.76
2016/4/14,41.5
2016/4/15,40.63
2016/4/18,40.344
2016/4/19,41.914
2016/4/20,43.87
2016/4/21,43.18
2016/4/22,43.73
2016/4/25,42.64
2016/4/26,44.04
2016/4/27,45.33
2016/4/28,46.03
2016/4/29,45.92
2016/5/2,44.78
2016/5/3,43.65
2016/5/4,43.78
2016/5/5,44.32
2016/5/6,44.66
2016/5/9,43.44
2016/5/10,44.66
2016/5/11,46.23
2016/5/12,46.7
2016/5/13,46.21
2016/5/16,47.72
2016/5/17,48.446
2016/5/18,48.426
2016/5/19,48.466
2016/5/20,48.278
2016/5/23,48.08
2016/5/24,48.62
2016/5/25,49.56
2016/5/26,49.48
2016/5/27,49.33
2016/5/31,49.1
2016/6/1,49.01
2016/6/2,49.17
2016/6/3,48.62
2016/6/6,49.69
2016/6/7,50.36
2016/6/8,51.23
2016/6/9,50.56
2016/6/10,49.07
2016/6/13,48.88
2016/6/14,48.49
2016/6/15,48.01
2016/6/16,46.316
2016/6/17,48.212
2016/6/20,49.724
2016/6/21,49.65
2016/6/22,49.13
2016/6/23,50.11
2016/6/24,47.64
2016/6/27,46.33
2016/6/28,47.85
2016/6/29,49.88
2016/6/30,48.33
2016/7/1,48.99
2016/7/5,46.6
2016/7/6,47.43
2016/7/7,45.14
2016/7/8,45.41
2016/7/11,44.76
2016/7/12,46.8
2016/7/13,44.75
2016/7/14,45.68
2016/7/15,46.09
2016/7/18,45.52
2016/7/19,45.13
2016/7/20,45.588
2016/7/21,44.75
2016/7/22,44.19
2016/7/25,43.13
2016/7/26,42.92
2016/7/27,41.92
2016/7/28,41.14
2016/7/29,41.6
2016/8/1,40.06
2016/8/2,39.51
2016/8/3,40.83
2016/8/4,41.93
2016/8/5,41.8
2016/8/8,43.02
2016/8/9,42.77
2016/8/10,41.71
2016/8/11,43.49
2016/8/12,44.49
2016/8/15,45.74
2016/8/16,46.58
2016/8/17,46.936
2016/8/18,48.488
2016/8/19,48.874
2016/8/22,47.338
2016/8/23,48.1
2016/8/24,46.77
2016/8/25,47.33
2016/8/26,47.64
2016/8/29,46.98
2016/8/30,46.35
2016/8/31,44.7
2016/9/1,43.16
2016/9/2,44.44
2016/9/6,44.83
2016/9/7,45.5
2016/9/8,47.62
2016/9/9,45.88
2016/9/12,46.29
2016/9/13,44.9
2016/9/14,43.58
2016/9/15,44.032
2016/9/16,43.266
2016/9/19,43.636
2016/9/20,43.928
2016/9/21,45.34
2016/9/22,46.32
2016/9/23,44.48
2016/9/26,45.93
2016/9/27,44.67
2016/9/28,47.05
2016/9/29,47.83
2016/9/30,48.24
2016/10/3,48.81
2016/10/4,48.69
2016/10/5,49.83
2016/10/6,50.44
2016/10/7,49.81
2016/10/10,51.35
2016/10/11,50.79
2016/10/12,50.18
2016/10/13,50.44
2016/10/14,50.35
2016/10/17,50.026
2016/10/18,50.422
2016/10/19,51.732
2016/10/20,50.59
2016/10/21,50.85
2016/10/24,50.52
2016/10/25,49.96
2016/10/26,49.18
2016/10/27,49.72
2016/10/28,48.7
2016/10/31,46.86
2016/11/1,46.67
2016/11/2,45.34
2016/11/3,44.66
2016/11/4,44.07
2016/11/7,44.89
2016/11/8,44.98
2016/11/9,45.27
2016/11/10,44.66
2016/11/11,43.41
2016/11/14,43.32
2016/11/15,45.81
2016/11/16,45.676
2016/11/17,45.644
2016/11/18,46.092
2016/11/21,48.09
2016/11/22,48.03
2016/11/23,47.96
2016/11/25,46.06
2016/11/28,47.08
2016/11/29,45.23
2016/11/30,49.44
2016/12/1,51.06
2016/12/2,51.68
2016/12/5,51.79
2016/12/6,50.93
2016/12/7,49.77
2016/12/8,50.84
2016/12/9,51.5
2016/12/12,52.83
2016/12/13,52.98
2016/12/14,51.04
2016/12/15,51.114
2016/12/16,52.32
2016/12/19,52.684
2016/12/20,53.086
2016/12/21,52.49
2016/12/22,52.95
2016/12/23,53.02
2016/12/27,53.9
2016/12/28,54.06
2016/12/29,53.77
2016/12/30,53.72
2017/1/3,52.33
2017/1/4,53.26
2017/1/5,53.76
2017/1/6,53.99
2017/1/9,51.96
2017/1/10,50.82
2017/1/11,52.25
2017/1/12,53.01
2017/1/13,52.37
2017/1/17,52.636
2017/1/18,51.404
2017/1/19,51.82
2017/1/20,53.06
2017/1/23,52.75
2017/1/24,53.18
2017/1/25,52.75
2017/1/26,53.78
2017/1/27,53.17
2017/1/30,52.63
2017/1/31,52.81
2017/2/1,53.88
2017/2/2,53.54
2017/2/3,53.83
2017/2/6,53.01
2017/2/7,52.17
2017/2/8,52.34
2017/2/9,53
2017/2/10,53.86
2017/2/13,52.93
2017/2/14,53.2
2017/2/15,53.208
2017/2/16,53.516
2017/2/17,53.628
2017/2/21,54.276
2017/2/22,53.59
2017/2/23,54.45
2017/2/24,53.99
2017/2/27,54.05
2017/2/28,54.01
2017/3/1,53.83
2017/3/2,52.61
2017/3/3,53.33
2017/3/6,53.2
2017/3/7,53.14
2017/3/8,50.28
2017/3/9,49.28
2017/3/10,48.49
2017/3/13,48.4
2017/3/14,47.72
2017/3/15,48.86
2017/3/16,48.848
2017/3/17,48.992
2017/3/20,48.634
2017/3/21,48.06
2017/3/22,48.04
2017/3/23,47.7
2017/3/24,47.97
2017/3/27,47.73
2017/3/28,48.37
2017/3/29,49.51
2017/3/30,50.35
2017/3/31,50.6
2017/4/3,50.24
2017/4/4,51.03
2017/4/5,51.15
2017/4/6,51.7
2017/4/7,52.24
2017/4/10,53.08
2017/4/11,53.4
2017/4/12,53.11
2017/4/13,53.18
2017/4/17,52.742
2017/4/18,52.586
2017/4/19,50.686
2017/4/20,50.622
2017/4/21,49.62
2017/4/24,49.23
2017/4/25,49.56
2017/4/26,49.62
2017/4/27,48.97
2017/4/28,49.33
2017/5/1,48.84
2017/5/2,47.66
2017/5/3,47.82
2017/5/4,45.52
2017/5/5,46.22
2017/5/8,46.43
2017/5/9,45.88
2017/5/10,47.33
2017/5/11,47.83
2017/5/12,47.84
2017/5/15,48.85
2017/5/16,48.66
2017/5/17,49.138
2017/5/18,49.474
2017/5/19,50.534
2017/5/22,51.05
2017/5/23,51.47
2017/5/24,51.36
2017/5/25,48.9
2017/5/26,49.8
2017/5/30,49.66
2017/5/31,48.32
2017/6/1,48.36
2017/6/2,47.66
2017/6/5,47.4
2017/6/6,48.19
2017/6/7,45.72
2017/6/8,45.64
2017/6/9,45.83
2017/6/12,46.08
2017/6/13,46.46
2017/6/14,44.73
2017/6/15,44.504
2017/6/16,44.832
2017/6/19,44.338
2017/6/20,43.454
2017/6/21,42.53
2017/6/22,42.74
2017/6/23,43.01
2017/6/26,43.38
2017/6/27,44.24
2017/6/28,44.74
2017/6/29,44.93
2017/6/30,46.04
2017/7/3,47.07
2017/7/5,45.13
2017/7/6,45.52
2017/7/7,44.23
2017/7/10,44.4
2017/7/11,45.04
2017/7/12,45.49
2017/7/13,46.08
2017/7/14,46.54
2017/7/17,46.062
2017/7/18,46.476
2017/7/19,47.24
2017/7/20,46.894
2017/7/21,45.77
2017/7/24,46.34
2017/7/25,47.89
2017/7/26,48.75
2017/7/27,49.04
2017/7/28,49.71
2017/7/31,50.17
2017/8/1,49.16
2017/8/2,49.59
2017/8/3,49.03
2017/8/4,49.58
2017/8/7,49.39
2017/8/8,49.17
2017/8/9,49.56
2017/8/10,48.59
2017/8/11,48.82
2017/8/14,47.59
2017/8/15,47.55
2017/8/16,46.78
2017/8/17,47.12
2017/8/18,48.57
2017/8/21,47.466
2017/8/22,47.792
2017/8/23,48.41
2017/8/24,47.43
2017/8/25,47.87
2017/8/28,46.57
2017/8/29,46.44
2017/8/30,45.96
2017/8/31,47.23
2017/9/1,47.29
2017/9/5,48.66
2017/9/6,49.16
2017/9/7,49.09
2017/9/8,47.48
2017/9/11,48.07
2017/9/12,48.23
2017/9/13,49.3
2017/9/14,49.89
2017/9/15,50
2017/9/18,50.086
2017/9/19,49.732
2017/9/20,50.634
2017/9/21,50.55
2017/9/22,50.66
2017/9/25,52.22
2017/9/26,51.88
2017/9/27,52.14
2017/9/28,51.56
2017/9/29,51.67
2017/10/2,50.58
2017/10/3,50.42
2017/10/4,49.98
2017/10/5,50.79
2017/10/6,49.29
2017/10/9,49.58
2017/10/10,50.92
2017/10/11,51.3
2017/10/12,50.6
2017/10/13,51.45
2017/10/16,51.87
2017/10/17,51.926
2017/10/18,52.128
2017/10/19,51.422
2017/10/20,51.766
2017/10/23,51.9
2017/10/24,52.47
2017/10/25,52.18
2017/10/26,52.64
2017/10/27,53.9
2017/10/30,54.15
2017/10/31,54.38
2017/11/1,54.3
2017/11/2,54.54
2017/11/3,55.64
2017/11/6,57.35
2017/11/7,57.2
2017/11/8,56.81
2017/11/9,57.17
2017/11/10,56.74
2017/11/13,56.76
2017/11/14,55.7
2017/11/15,55.368
2017/11/16,55.224
2017/11/17,56.646
2017/11/20,56.354
2017/11/21,56.83
2017/11/22,58.02
2017/11/24,58.95
2017/11/27,58.11
2017/11/28,57.99
2017/11/29,57.3
2017/11/30,57.4
2017/12/1,58.36
2017/12/4,57.47
2017/12/5,57.62
2017/12/6,55.96
2017/12/7,56.69
2017/12/8,57.36
2017/12/11,57.99
2017/12/12,57.14
2017/12/13,56.6
2017/12/14,57.048
2017/12/15,57.312
2017/12/18,57.196
2017/12/19,57.54
2017/12/20,58.09
2017/12/21,58.36
2017/12/22,58.47
2017/12/26,59.97
2017/12/27,59.64
2017/12/28,59.84
2017/12/29,60.42
2018/1/2,60.37
2018/1/3,61.63
2018/1/4,62.01
2018/1/5,61.44
2018/1/8,61.73
2018/1/9,62.96
2018/1/10,63.57
2018/1/11,63.8
2018/1/12,64.3
2018/1/16,63.73
2018/1/17,63.96
2018/1/18,63.926
2018/1/19,63.334
2018/1/22,63.554
2018/1/23,64.47
2018/1/24,65.61
2018/1/25,65.51
2018/1/26,66.14
2018/1/29,65.56
2018/1/30,64.5
2018/1/31,64.73
2018/2/1,65.8
2018/2/2,65.45
2018/2/5,64.15
2018/2/6,63.39
2018/2/7,61.79
2018/2/8,61.15
2018/2/9,59.2
2018/2/12,59.29
2018/2/13,59.19
2018/2/14,60.582
2018/2/15,61.272
2018/2/16,61.602
2018/2/20,61.812
2018/2/21,61.68
2018/2/22,62.77
2018/2/23,63.55
2018/2/26,63.91
2018/2/27,63.01
2018/2/28,61.64
2018/3/1,60.99
2018/3/2,61.25
2018/3/5,62.57
2018/3/6,62.6
2018/3/7,61.15
2018/3/8,60.12
2018/3/9,62.04
2018/3/12,61.36
2018/3/13,60.71
2018/3/14,60.96
2018/3/15,61.202
2018/3/16,62.368
2018/3/19,62.102
2018/3/20,63.512
2018/3/21,65.17
2018/3/22,64.3
2018/3/23,65.88
2018/3/26,65.55
2018/3/27,65.25
2018/3/28,64.38
2018/3/29,64.94
2018/4/2,63.01
2018/4/3,63.51
2018/4/4,63.37
2018/4/5,63.54
2018/4/6,62.06
2018/4/9,63.42
2018/4/10,65.51
2018/4/11,66.82
2018/4/12,67.07
2018/4/13,67.39
2018/4/16,66.22
2018/4/17,66.518
2018/4/18,68.47
2018/4/19,68.314
2018/4/20,68.396
2018/4/23,68.64
2018/4/24,67.7
2018/4/25,68.05
2018/4/26,68.19
2018/4/27,68.1
2018/4/30,68.57
2018/5/1,67.25
2018/5/2,67.93
2018/5/3,68.43
2018/5/4,69.72
2018/5/7,70.73
2018/5/8,69.06
2018/5/9,71.14
2018/5/10,71.36
2018/5/11,70.7
2018/5/14,70.96
2018/5/15,71.31
2018/5/16,71.49
2018/5/17,71.506
2018/5/18,71.316
2018/5/21,72.306
2018/5/22,72.186
2018/5/23,71.84
2018/5/24,70.71
2018/5/25,67.88
2018/5/29,66.73
2018/5/30,68.21
2018/5/31,67.04
2018/6/1,65.81
2018/6/4,64.75
2018/6/5,65.52
2018/6/6,64.73
2018/6/7,65.95
2018/6/8,65.74
2018/6/11,66.1
2018/6/12,66.36
2018/6/13,66.64
2018/6/14,66.89
2018/6/15,65.018
2018/6/18,65.786
2018/6/19,64.968
2018/6/20,65.812
2018/6/21,65.54
2018/6/22,68.58
2018/6/25,68.08
2018/6/26,70.53
2018/6/27,72.76
2018/6/28,73.45
2018/6/29,74.15
2018/7/2,73.94
2018/7/3,74.14
2018/7/5,72.94
2018/7/6,73.8
2018/7/9,73.85
2018/7/10,74.11
2018/7/11,70.38
2018/7/12,70.33
2018/7/13,71.01
2018/7/16,68.06
2018/7/17,67.896
2018/7/18,68.356
2018/7/19,68.728
2018/7/20,68.7
2018/7/23,67.89
2018/7/24,68.52
2018/7/25,69.3
2018/7/26,69.61
2018/7/27,68.69
2018/7/30,70.13
2018/7/31,68.76
2018/8/1,67.66
2018/8/2,68.96
2018/8/3,68.49
2018/8/6,69.01
2018/8/7,69.17
2018/8/8,66.94
2018/8/9,66.81
2018/8/10,67.63
2018/8/13,67.2
2018/8/14,67.04
2018/8/15,65.01
2018/8/16,65.344
2018/8/17,65.63
2018/8/20,65.824
2018/8/21,66.142
2018/8/22,67.86
2018/8/23,67.83
2018/8/24,68.72
2018/8/27,68.87
2018/8/28,68.53
2018/8/29,69.51
2018/8/30,70.25
2018/8/31,69.8
2018/9/4,69.87
2018/9/5,68.72
2018/9/6,67.77
2018/9/7,67.75
2018/9/10,67.54
2018/9/11,69.25
2018/9/12,70.37
2018/9/13,68.59
2018/9/14,68.99
2018/9/17,68.864
2018/9/18,69.746
2018/9/19,70.91
2018/9/20,70.416
2018/9/21,70.78
2018/9/24,72.08
2018/9/25,72.28
2018/9/26,71.57
2018/9/27,72.12
2018/9/28,73.25
2018/10/1,75.3
2018/10/2,75.23
2018/10/3,76.41
2018/10/4,74.33
2018/10/5,74.34
2018/10/8,74.29
2018/10/9,74.96
2018/10/10,73.17
2018/10/11,70.97
2018/10/12,71.34
2018/10/15,71.78
2018/10/16,71.92
2018/10/17,69.74
2018/10/18,68.674
2018/10/19,69.216
2018/10/22,69.322
2018/10/23,66.43
2018/10/24,66.82
2018/10/25,67.33
2018/10/26,67.59
2018/10/29,67.04
2018/10/30,66.18
2018/10/31,65.31
2018/11/1,63.69
2018/11/2,63.14
2018/11/5,63.1
2018/11/6,62.21
2018/11/7,61.67
2018/11/8,60.67
2018/11/9,60.19
2018/11/12,59.93
2018/11/13,55.69
2018/11/14,56.288
2018/11/15,56.548
2018/11/16,56.592
2018/11/19,57.112
2018/11/20,53.43
2018/11/21,54.63
2018/11/23,50.42
2018/11/26,51.63
2018/11/27,51.56
2018/11/28,50.29
2018/11/29,51.45
2018/11/30,50.93
2018/12/3,52.95
2018/12/4,53.25
2018/12/5,52.89
2018/12/6,51.49
2018/12/7,52.61
2018/12/10,51
2018/12/11,51.65
2018/12/12,51.15
2018/12/13,52.58
2018/12/14,51.254
2018/12/17,50.008
2018/12/18,46.456
2018/12/19,47.976
2018/12/20,45.88
2018/12/21,45.59
2018/12/24,42.53
2018/12/26,46.22
2018/12/27,44.61
2018/12/28,45.33
2018/12/31,45.41
2019/1/2,46.54
2019/1/3,47.09
2019/1/4,47.96
2019/1/7,48.52
2019/1/8,49.78
2019/1/9,52.36
2019/1/10,52.59
2019/1/11,51.59
2019/1/14,50.51
2019/1/15,52.11
2019/1/16,52.37
2019/1/17,52.186
2019/1/18,53.944
2019/1/22,52.922
2019/1/23,52.62
2019/1/24,53.13
2019/1/25,53.69
2019/1/28,51.99
2019/1/29,53.31
2019/1/30,54.23
2019/1/31,53.79
2019/2/1,55.26
2019/2/4,54.56
2019/2/5,53.66
2019/2/6,54.01
2019/2/7,52.64
2019/2/8,52.72
2019/2/11,52.41
2019/2/12,53.1
2019/2/13,53.9
2019/2/14,54.486
2019/2/15,55.746
2019/2/19,56.306
2019/2/20,57.112
2019/2/21,56.96
2019/2/22,57.26
2019/2/25,55.48
2019/2/26,55.5
2019/2/27,56.94
2019/2/28,57.22
2019/3/1,55.8
2019/3/4,56.59
2019/3/5,56.56
2019/3/6,56.22
2019/3/7,56.66
2019/3/8,56.07
2019/3/11,56.79
2019/3/12,56.87
2019/3/13,58.26
2019/3/14,58.61
2019/3/15,58.58
2019/3/18,59.206
2019/3/19,59.186
2019/3/20,60.15
2019/3/21,59.98
2019/3/22,59.04
2019/3/25,58.82
2019/3/26,59.94
2019/3/27,59.41
2019/3/28,59.3
2019/3/29,60.14
2019/4/1,61.59
2019/4/2,62.58
2019/4/3,62.46
2019/4/4,62.1
2019/4/5,63.08
2019/4/8,64.4
2019/4/9,63.98
2019/4/10,64.61
2019/4/11,63.58
2019/4/12,63.89
2019/4/15,63.4
2019/4/16,64.078
2019/4/17,63.804
2019/4/18,64.042
2019/4/22,65.58
2019/4/23,66.3
2019/4/24,65.89
2019/4/25,65.21
2019/4/26,63.3
2019/4/29,63.5
2019/4/30,63.91
2019/5/1,63.6
2019/5/2,61.81
2019/5/3,61.94
2019/5/6,62.25
2019/5/7,61.4
2019/5/8,62.12
2019/5/9,61.7
2019/5/10,61.66
2019/5/13,61.04
2019/5/14,61.78
2019/5/15,62.02
2019/5/16,62.908
2019/5/17,62.824
2019/5/20,63.166
2019/5/21,63.102
2019/5/22,61.42
2019/5/23,57.91
2019/5/24,58.63
2019/5/28,59.14
2019/5/29,58.81
2019/5/30,56.59
2019/5/31,53.5
2019/6/3,53.25
2019/6/4,53.48
2019/6/5,51.68
2019/6/6,52.59
2019/6/7,53.99
2019/6/10,53.26
2019/6/11,53.27
2019/6/12,51.14
2019/6/13,52.28
2019/6/14,52.51
2019/6/17,51.978
2019/6/18,53.984
2019/6/19,53.886
2019/6/20,56.986
2019/6/21,57.43
2019/6/24,57.9
2019/6/25,57.83
2019/6/26,59.38
2019/6/27,59.43
2019/6/28,58.47
2019/7/1,59.09
2019/7/2,56.25
2019/7/3,57.34
2019/7/5,57.51
2019/7/8,57.66
2019/7/9,57.83
2019/7/10,60.43
2019/7/11,60.2
2019/7/12,60.21
2019/7/15,59.58
2019/7/16,57.62
2019/7/17,56.808
2019/7/18,55.348
2019/7/19,55.708
2019/7/22,56.22
2019/7/23,56.77
2019/7/24,55.88
2019/7/25,56.02
2019/7/26,56.2
2019/7/29,56.87
2019/7/30,58.05
2019/7/31,58.58
2019/8/1,53.95
2019/8/2,55.66
2019/8/5,54.69
2019/8/6,53.63
2019/8/7,51.09
2019/8/8,52.54
2019/8/9,54.5
2019/8/12,54.93
2019/8/13,57.1
2019/8/14,55.23
2019/8/15,54.46
2019/8/16,54.846
2019/8/19,56.168
2019/8/20,56.172
2019/8/21,55.68
2019/8/22,55.35
2019/8/23,54.17
2019/8/26,53.64
2019/8/27,54.93
2019/8/28,55.78
2019/8/29,56.71
2019/8/30,55.1
2019/9/3,53.94
2019/9/4,56.26
2019/9/5,56.3
2019/9/6,56.52
2019/9/9,57.85
2019/9/10,57.4
2019/9/11,55.75
2019/9/12,55.09
2019/9/13,54.85
2019/9/16,62.9
2019/9/17,59.292
2019/9/18,58.082
2019/9/19,58.166
2019/9/20,58.09
2019/9/23,58.64
2019/9/24,57.29
2019/9/25,56.49
2019/9/26,56.41
2019/9/27,55.91
2019/9/30,54.07
2019/10/1,53.62
2019/10/2,52.64
2019/10/3,52.45
2019/10/4,52.81
2019/10/7,52.75
2019/10/8,52.63
2019/10/9,52.59
2019/10/10,53.55
2019/10/11,54.7
2019/10/14,53.59
2019/10/15,52.81
2019/10/16,53.36
2019/10/17,53.95
2019/10/18,53.816
2019/10/21,53.43
2019/10/22,54.416
2019/10/23,55.97
2019/10/24,56.23
2019/10/25,56.66
2019/10/28,55.81
2019/10/29,55.54
2019/10/30,55.06
2019/10/31,54.18
2019/11/1,56.2
2019/11/4,56.54
2019/11/5,57.23
2019/11/6,56.35
2019/11/7,57.15
2019/11/8,57.24
2019/11/11,56.86
2019/11/12,56.8
2019/11/13,57.12
2019/11/14,56.77
